nu_plus_1,mu_meV,x_pixel,y_row_from_top

0.2629757785467128,2.0961633766408827,37,54.5
0.26347009391992093,2.0961633766408827,38,54.5
0.26396440929312903,2.0961633766408827,39,54.5
0.26445872466633713,2.0961633766408827,40,54.5
0.26495304003954523,2.0961633766408827,41,54.5
0.2654473554127533,2.0955273282740206,42,54.57142857142857
0.2659416707859614,2.094891279907158,43,54.64285714285714
0.2664359861591695,2.094255231540296,44,54.71428571428571
0.2669303015323777,2.0929831348065715,45,54.857142857142854
0.2674246169055858,2.0910749897059846,46,55.07142857142857
0.2679189322787939,2.087894747871673,47,55.42857142857143
0.268413247652002,2.0840784576704996,48,55.857142857142854
0.2689075630252101,2.080262167469326,49,56.285714285714285
0.26940187839841817,2.0770819256350146,50,56.64285714285714
0.2698961937716263,2.0751737805344277,51,56.857142857142854
0.2703905091448344,2.076445877268152,52,56.71428571428571
0.2708848245180425,2.080262167469326,53,56.28571428571428
0.2713791398912506,2.087258699504811,54,55.49999999999999
0.2718734552644587,2.096799425007745,55,54.428571428571416
0.2723677706376668,2.1095203923449906,56,52.99999999999999
0.2728620860108749,2.1228774080490984,57,51.5
0.27335640138408307,2.1349623270194815,58,50.142857142857146
0.27385071675729117,2.1425949074218287,59,49.285714285714285
0.27434503213049927,2.1470472459898646,60,48.785714285714285
0.27483934750370737,2.1476832943567272,61,48.714285714285715
0.27533366287691546,2.1438670041555534,62,49.14285714285714
0.27582797825012356,2.1355983753863437,63,50.07142857142856
0.27632229362333166,2.1235134564159606,64,51.42857142857142
0.2768166089965398,2.1088843439781284,65,53.07142857142856
0.2773109243697479,2.0929831348065715,66,54.857142857142854
0.277805239742956,2.076445877268152,67,56.714285714285715
0.2782995551161641,2.059272571362871,68,58.642857142857146
0.2787938704893722,2.042099265457589,69,60.57142857142858
0.2792881858625803,2.0249259595523075,70,62.5
0.2797825012357884,2.0090247503807506,71,64.28571428571429
0.28027681660899656,1.9937595895760563,72,66.0
0.28077113198220466,1.9804025738719484,73,67.49999999999999
0.28126544735541276,1.9708618483690141,74,68.57142857142857
0.28175976272862086,1.9670455581678405,75,69.0
0.28225407810182895,1.9702258000021518,76,68.64285714285714
0.28274839347503705,1.9823107189725353,77,67.28571428571428
0.2832427088482452,2.0007561216115413,78,65.21428571428571
0.2837370242214533,2.0287422497534813,79,62.07142857142857
0.2842313395946614,2.064360958297769,80,58.07142857142857
0.2847256549678695,2.104432005410092,81,53.57142857142857
0.2852199703410776,2.1476832943567272,82,48.714285714285715
0.2857142857142857,2.191570631670224,83,43.785714285714285
0.2862086010874938,2.232913775516272,84,39.14285714285714
0.28670291646070195,2.2729848226285956,85,34.642857142857146
0.28719723183391005,2.3041511926048472,86,31.142857142857142
0.28769154720711815,2.327048933811889,87,28.57142857142857
0.28818586258032625,2.3416780462497213,88,26.928571428571427
0.28868017795353434,2.347402481551482,89,26.28571428571429
0.28917449332674244,2.345494336450895,90,26.499999999999996
0.28966880869995054,2.336589659314823,91,27.499999999999996
0.2901631240731587,2.3206884501432663,92,29.285714285714285
0.2906574394463668,2.3035151442379846,93,31.21428571428571
0.2911517548195749,2.2857057899658413,94,33.214285714285715
0.291646070192783,2.2666243389599727,95,35.357142857142854
0.2921403855659911,2.2475428879541046,96,37.5
0.2926347009391992,2.227825388581374,97,39.71428571428571
0.29312901631240734,2.206835792474919,98,42.07142857142857
0.29362333168561544,2.1858461963684634,99,44.42857142857143
0.29411764705882354,2.1629484551614215,100,47.0
0.29461196243203164,2.1387786172206553,101,49.714285714285715
0.29510627780523974,2.1133366825461644,102,52.57142857142856
0.29560059317844783,2.0859866027710865,103,55.64285714285713
0.29609490855165593,2.0567283778954213,104,58.92857142857142
0.2965892239248641,2.0268341046528944,105,62.285714285714285
0.2970835392980722,1.9950316863097806,106,65.85714285714286
0.2975778546712803,1.9625932195998046,107,69.5
0.2980721700444884,1.9295187045229663,108,73.21428571428571
0.2985664854176965,1.8958081410792655,109,77.0
0.2990608007909046,1.8614615292687027,110,80.85714285714285
0.2995551161641127,1.8277509658250022,111,84.64285714285712
0.30004943153732083,1.7940404023813015,112,88.42857142857142
0.30054374691052893,1.760965887304463,113,92.14285714285714
0.30103806228373703,1.7297995173282112,114,95.64285714285714
0.3015323776569451,1.6986331473519598,115,99.14285714285714
0.3020266930301532,1.6687388741094327,116,102.5
0.3025210084033613,1.641388794334355,117,105.57142857142856
0.3030153237765695,1.6159468596598638,118,108.42857142857143
0.3035096391497776,1.5917770217190972,119,111.14285714285714
0.3040039545229857,1.5701513772457798,120,113.57142857142857
0.3044982698961938,1.5497978295061872,121,115.85714285714285
0.3049925852694019,1.5319884752340434,122,117.85714285714285
0.30548690064260997,1.5167233144293488,123,119.57142857142856
0.30598121601581807,1.5027302503583786,124,121.14285714285714
0.3064755313890262,1.4893732346542707,125,122.64285714285714
0.3069698467622343,1.4779243640507498,126,123.92857142857142
0.3074641621354424,1.4671115418140912,127,125.14285714285714
0.3079584775086505,1.4562987195774324,128,126.35714285714285
0.3084527928818586,1.4454858973407738,129,127.57142857142856
0.3089471082550667,1.434673075104115,130,128.78571428571428
0.3094414236282748,1.4232242045005938,131,130.07142857142858
0.30993573900148297,1.4117753338970733,132,131.35714285714283
0.31043005437469107,1.3996904149266898,133,132.71428571428572
0.31092436974789917,1.3869694475894443,134,134.14285714285714
0.31141868512110726,1.3742484802521988,135,135.57142857142856
0.31191300049431536,1.361527512914953,136,137.0
0.31240731586752346,1.3481704972108453,137,138.5
0.31290163124073156,1.3341774331398752,138,140.07142857142858
0.3133959466139397,1.3201843690689052,139,141.64285714285714
0.3138902619871478,1.3055552566310729,140,143.28571428571428
0.3143845773603559,1.2915621925601029,141,144.85714285714283
0.314878892733564,1.2769330801222705,142,146.5
0.3153732081067721,1.261667919317576,143,148.2142857142857
0.3158675234799802,1.2457667101460188,144,150.0
0.31636183885318836,1.2305015493413243,145,151.7142857142857
0.31685615422639646,1.2146003401697674,146,153.5
0.31735046959960456,1.1986991309982105,147,155.28571428571428
0.31784478497281266,1.181525825092929,148,157.2142857142857
0.31833910034602075,1.1643525191876478,149,159.1428571428571
0.31883341571922885,1.1465431649155038,150,161.14285714285714
0.31932773109243695,1.12873381064336,151,163.14285714285714
0.3198220464656451,1.1102884080043538,152,165.21428571428572
0.3203163618388532,1.091843005365348,153,167.28571428571428
0.3208106772120613,1.073397602726342,154,169.35714285714283
0.3213049925852694,1.0543161517204738,155,171.49999999999997
0.3217993079584775,1.0345986523477433,156,173.7142857142857
0.3222936233316856,1.015517201341875,157,175.85714285714283
0.3227879387048937,0.9964357503360062,158,178.00000000000003
0.32328225407810185,0.9773542993301383,159,180.1428571428571
0.32377656945130995,0.9576367999574078,160,182.35714285714283
0.32427088482451805,0.9372832522178147,161,184.64285714285714
0.32476520019772614,0.9175657528450842,162,186.85714285714283
0.32525951557093424,0.8984843018392161,163,188.99999999999997
0.32575383094414234,0.8787668024664854,164,191.2142857142857
0.3262481463173505,0.8584132547268926,165,193.49999999999997
0.3267424616905586,0.8380597069872997,166,195.78571428571428
0.3272367770637667,0.8189782559814314,167,197.92857142857142
0.3277310924369748,0.8011689017092876,168,199.92857142857142
0.3282254078101829,0.7846316441708683,169,201.78571428571428
0.328719723183391,0.7738188219342097,170,203.0
0.3292140385565991,0.7731827735673475,171,203.07142857142856
0.32970835392980724,0.7852676925377307,172,201.7142857142857
0.33020266930301534,0.8107096272122218,173,198.85714285714283
0.33069698467622344,0.850780674324545,174,194.35714285714286
0.33119130004943154,0.9054808338747011,175,188.2142857142857
0.33168561542263963,0.9735380091289643,176,180.57142857142858
0.33217993079584773,1.0511359098861623,177,171.85714285714283
0.33267424616905583,1.1338221975782583,178,162.57142857142856
0.333168561542264,1.2177805820040788,179,153.14285714285714
0.3336628769154721,1.301102918063037,180,143.78571428571428
0.3341571922886802,1.3787008188202348,181,135.07142857142856
0.3346515076618883,1.446121945707636,182,127.49999999999999
0.3351458230350964,1.5001860568909295,183,121.42857142857142
0.3356401384083045,1.5396210556363905,184,117.0
0.33613445378151263,1.565062990310882,185,114.14285714285712
0.33662876915472073,1.577147909281265,186,112.78571428571426
0.33712308452792883,1.5777839576481272,187,112.71428571428571
0.3376173999011369,1.5688792805120555,188,113.71428571428571
0.338111715274345,1.5555222648079476,189,115.21428571428571
0.3386060306475531,1.54216524910384,190,116.7142857142857
0.3391003460207612,1.5288082333997322,191,118.2142857142857
0.3395946613939694,1.515451217695624,192,119.71428571428571
0.3400889767671775,1.5040023470921031,193,121.0
0.3405832921403856,1.4925534764885822,194,122.28571428571429
0.3410776075135937,1.483012750985648,195,123.35714285714285
0.34157192288680177,1.4753801705833007,196,124.21428571428571
0.34206623826000987,1.469019686914678,197,124.92857142857142
0.34256055363321797,1.464567348346642,198,125.42857142857143
0.3430548690064261,1.4613871065123307,199,125.78571428571428
0.3435491843796342,1.457570816311157,200,126.21428571428571
0.3440434997528423,1.4550266228437079,201,126.49999999999999
0.3445378151260504,1.4518463810093964,202,126.85714285714285
0.3450321304992585,1.4473940424413605,203,127.35714285714285
0.3455264458724666,1.4429417038733248,204,127.85714285714285
0.3460207612456747,1.437217268571564,205,128.5
0.34651507661888287,1.4314928332698036,206,129.14285714285714
0.34700939199209097,1.4270404947017676,207,129.64285714285714
0.34750370736529906,1.4213160594000072,208,130.28571428571428
0.34799802273850716,1.4168637208319712,209,130.78571428571428
0.34849233811171526,1.4130474306307979,210,131.2142857142857
0.34898665348492336,1.4073229953290372,211,131.85714285714286
0.3494809688581315,1.4015985600272767,212,132.5
0.3499752842313396,1.3946020279917917,213,133.28571428571428
0.3504695996045477,1.3850613024888576,214,134.35714285714283
0.3509639149777558,1.3736124318853364,215,135.64285714285714
0.3514582303509639,1.3596193678143664,216,137.2142857142857
0.351952545724172,1.343082110275947,217,139.07142857142858
0.3524468610973801,1.3252727560038036,218,141.07142857142856
0.35294117647058826,1.3055552566310729,219,143.28571428571428
0.35343549184379636,1.2845656605246178,220,145.64285714285714
0.35392980721700446,1.2635760644181626,221,148.0
0.35442412259021255,1.2432225166785698,222,150.28571428571428
0.35491843796342065,1.2222329205721145,223,152.64285714285714
0.35541275333662875,1.202515421199384,224,154.85714285714286
0.35590706870983685,1.1840700185603779,225,156.92857142857144
0.356401384083045,1.1668967126550964,226,158.85714285714286
0.3568956994562531,1.1509955034835397,227,160.64285714285714
0.3573900148294612,1.1363663910457074,228,162.28571428571428
0.3578843302026693,1.1223733269747371,229,163.85714285714286
0.3583786455758774,1.1096523596374916,230,165.28571428571428
0.3588729609490855,1.098203489033971,231,166.57142857142856
0.35936727632229365,1.087390666797312,232,167.78571428571428
0.35986159169550175,1.0765778445606535,233,168.99999999999997
0.36035590706870985,1.0676731674245814,234,170.0
0.36085022244191794,1.0587684902885095,235,171.0
0.36134453781512604,1.0504998615193,236,171.92857142857142
0.36183885318833414,1.043503329483815,237,172.7142857142857
0.36233316856154224,1.0358707490814674,238,173.57142857142858
0.3628274839347504,1.0282381686791204,239,174.42857142857142
0.3633217993079585,1.020605588276773,240,175.28571428571428
0.3638161146811666,1.0117009111407012,241,176.28571428571428
0.3643104300543747,1.0027962340046292,242,177.28571428571428
0.3648047454275828,0.9938915568685576,243,178.28571428571425
0.3652990608007909,0.9843508313656233,244,179.35714285714283
0.365793376173999,0.9748101058626888,245,180.42857142857144
0.36628769154720714,0.965269380359755,246,181.5
0.36678200692041524,0.9576367999574076,247,182.35714285714286
0.36727632229362334,0.9500042195550604,248,183.2142857142857
0.36777063766683143,0.9436437358864376,249,183.92857142857142
0.36826495304003953,0.9372832522178147,250,184.64285714285714
0.36875926841324763,0.9309227685491921,251,185.35714285714283
0.3692535837864558,0.9258343816142938,252,185.92857142857142
0.3697478991596639,0.9207459946793957,253,186.49999999999997
0.370242214532872,0.9150215593776352,254,187.1428571428571
0.3707365299060801,0.9099331724427373,255,187.71428571428567
0.3712308452792882,0.9042087371409762,256,188.35714285714286
0.3717251606524963,0.8991203502060783,257,188.92857142857142
0.3722194760257044,0.8946680116380423,258,189.42857142857142
0.37271379139891253,0.889579624703144,259,190.0
0.37320810677212063,0.8851272861351083,260,190.49999999999997
0.3737024221453287,0.8806749475670723,261,190.99999999999997
0.3741967375185368,0.8762226089990361,262,191.5
0.3746910528917449,0.8717702704310004,263,191.99999999999997
0.375185368264953,0.8673179318629642,264,192.5
0.3756796836381611,0.8628655932949283,265,193.0
0.3761739990113693,0.8584132547268923,266,193.5
0.3766683143845774,0.8539609161588566,267,193.99999999999997
0.3771626297577855,0.8495085775908207,268,194.49999999999997
0.37765694513099357,0.8456922873896469,269,194.92857142857142
0.37815126050420167,0.8418759971884735,270,195.35714285714283
0.37864557587740977,0.8386957553541623,271,195.71428571428567
0.3791398912506179,0.8361515618867132,272,195.99999999999994
0.379634206623826,0.8342434167861263,273,196.21428571428567
0.3801285219970341,0.8329713200524016,274,196.35714285714283
0.3806228373702422,0.8316992233186771,275,196.49999999999997
0.3811171527434503,0.8297910782180902,276,196.7142857142857
0.3816114681166584,0.8285189814843654,277,196.85714285714286
0.3821057834898665,0.8259747880169164,278,197.14285714285714
0.38260009886307467,0.8234305945494673,279,197.42857142857142
0.38309441423628277,0.8196143043482937,280,197.85714285714283
0.38358872960949086,0.8151619657802578,281,198.35714285714283
0.38408304498269896,0.811345675579084,282,198.78571428571428
0.38457736035590706,0.8075293853779104,283,199.2142857142857
0.38507167572911516,0.8030770468098745,284,199.7142857142857
0.38556599110232326,0.7992607566087007,285,200.14285714285714
0.3860603064755314,0.7948084180406647,286,200.64285714285714
0.3865546218487395,0.7909921278394911,287,201.07142857142856
0.3870489372219476,0.7871758376383176,288,201.49999999999997
0.3875432525951557,0.7827234990702814,289,202.0
0.3880375679683638,0.7782711605022459,290,202.49999999999997
0.3885318833415719,0.7738188219342097,291,203.0
0.38902619871478,0.7687304349993114,292,203.57142857142858
0.38952051408798816,0.7642780964312754,293,204.07142857142858
0.39001482946119626,0.7598257578632397,294,204.57142857142856
0.39050914483440435,0.7553734192952037,295,205.07142857142856
0.39100346020761245,0.7509210807271678,296,205.57142857142856
0.39149777558082055,0.7471047905259944,297,205.99999999999994
0.39199209095402865,0.7432885003248204,298,206.42857142857142
0.3924864063272368,0.740108258490509,299,206.78571428571428
0.3929807217004449,0.7369280166561973,300,207.14285714285717
0.393475037073653,0.7337477748218861,301,207.5
0.3939693524468611,0.7305675329875749,302,207.85714285714283
0.3944636678200692,0.7280233395201257,303,208.14285714285714
0.3949579831932773,0.7248430976858142,304,208.5
0.3954522985664854,0.721662855851503,305,208.85714285714283
0.39594661393969355,0.7184826140171914,306,209.21428571428572
0.39644092931290165,0.714666323816018,307,209.64285714285714
0.39693524468610974,0.7114860819817066,308,210.0
0.39742956005931784,0.7095779368811197,309,210.21428571428572
0.39792387543252594,0.7095779368811199,310,210.2142857142857
0.39841819080573404,0.7108500336148444,311,210.07142857142856
0.39891250617894214,0.7140302754491559,312,209.7142857142857
0.3994068215521503,0.7184826140171914,313,209.21428571428572
0.3999011369253584,0.7242070493189521,314,208.57142857142856
0.4003954522985665,0.7299314846207126,315,207.92857142857142
0.4008897676717746,0.7343838231887487,316,207.4285714285714
0.4013840830449827,0.735655919922473,317,207.28571428571428
0.4018783984181908,0.7350198715556107,318,207.35714285714286
0.40237271379139894,0.7318396297212992,319,207.71428571428572
0.40286702916460704,0.7267512427864011,320,208.28571428571428
0.40336134453781514,0.7197547107509161,321,209.07142857142856
0.40385565991102323,0.7114860819817068,322,209.99999999999997
0.40434997528423133,0.7032174532124971,323,210.92857142857142
0.40484429065743943,0.6949488244432875,324,211.85714285714283
0.40533860603064753,0.6873162440409402,325,212.7142857142857
0.4058329214038557,0.6803197120054549,326,213.5
0.4063272367770638,0.6733231799699702,327,214.28571428571425
0.4068215521502719,0.6669626963013473,328,214.99999999999997
0.40731586752348,0.6606022126327245,329,215.7142857142857
0.4078101828966881,0.6542417289641016,330,216.42857142857142
0.4083044982698962,0.6478812452954785,331,217.14285714285717
0.4087988136431043,0.640884713259994,332,217.92857142857142
0.40929312901631243,0.6332521328576466,333,218.78571428571428
0.4097874443895205,0.6256195524552994,334,219.6428571428571
0.4102817597627286,0.6179869720529518,335,220.5
0.4107760751359367,0.6109904400174668,336,221.28571428571428
0.4112703905091448,0.6039939079819818,337,222.07142857142856
0.4117647058823529,0.597633424313359,338,222.78571428571428
0.4122590212555611,0.5919089890115985,339,223.42857142857142
0.4127533366287692,0.5868206020767004,340,224.0
0.4132476520019773,0.5817322151418021,341,224.57142857142858
0.41374196737518537,0.5766438282069037,342,225.14285714285714
0.41423628274839347,0.5709193929051435,343,225.78571428571428
0.41473059812160157,0.5651949576033828,344,226.42857142857142
0.41522491349480967,0.5588344739347599,345,227.14285714285714
0.4157192288680178,0.5524739902661375,346,227.85714285714283
0.4162135442412259,0.5467495549643768,347,228.5
0.416707859614434,0.5416611680294787,348,229.07142857142856
0.4172021749876421,0.5365727810945806,349,229.64285714285714
0.4176964903608502,0.5327564908934068,350,230.07142857142856
0.4181908057340583,0.528940200692233,351,230.5
0.4186851211072664,0.5251239104910592,352,230.92857142857144
0.41917943648047457,0.521943668656748,353,231.28571428571428
0.41967375185368266,0.5174913300887121,354,231.7857142857143
0.42016806722689076,0.512402943153814,355,232.35714285714286
0.42066238260009886,0.5073145562189154,356,232.92857142857144
0.42115669797330696,0.5015901209171552,357,233.57142857142858
0.42165101334651506,0.4958656856153949,358,234.2142857142857
0.42214532871972316,0.4914133470473585,359,234.71428571428572
0.4226396440929313,0.486961008479323,360,235.21428571428572
0.4231339594661394,0.4831447182781492,361,235.64285714285714
0.4236282748393475,0.479964476443838,362,236.0
0.4241225902125556,0.4774202829763885,363,236.2857142857143
0.4246169055857637,0.4748760895089399,364,236.57142857142856
0.4251112209589718,0.4723318960414904,365,236.85714285714286
0.42560553633217996,0.46978770257404134,366,237.14285714285714
0.42609985170538806,0.46660746073973014,367,237.5
0.42659416707859615,0.46279117053855634,368,237.92857142857144
0.42708848245180425,0.45961092870424514,369,238.28571428571428
0.42758279782501235,0.45515859013620874,370,238.7857142857143
0.42807711319822045,0.45007020320131064,371,239.35714285714286
0.42857142857142855,0.4456178646332747,372,239.85714285714286
0.4290657439446367,0.4405294776983766,373,240.42857142857144
0.4295600593178448,0.4354410907634789,374,240.99999999999997
0.4300543746910529,0.43098875219544297,375,241.49999999999997
0.430548690064261,0.42653641362740613,376,242.00000000000003
0.4310430054374691,0.4227201234262328,377,242.42857142857144
0.4315373208106772,0.41953988159192157,378,242.78571428571428
0.4320316361838853,0.4157235913907482,379,243.2142857142857
0.43252595155709345,0.4112712528227118,380,243.71428571428572
0.43302026693030155,0.4061828658878137,381,244.28571428571428
0.43351458230350964,0.40045843058605346,382,244.92857142857142
0.43400889767671774,0.39346189855056846,383,245.7142857142857
0.43450321304992584,0.3871014148819456,384,246.42857142857142
0.43499752842313394,0.38010488284646016,385,247.21428571428572
0.4354918437963421,0.37310835081097515,386,248.0
0.4359861591695502,0.36674786714235275,387,248.7142857142857
0.4364804745427583,0.3603873834737299,388,249.42857142857142
0.4369747899159664,0.3552989965388318,389,249.99999999999997
0.4374691052891745,0.3502106096039337,390,250.57142857142856
0.4379634206623826,0.34385012593531084,391,251.28571428571428
0.4384577360355907,0.33876173900041273,392,251.85714285714283
0.43895205140879884,0.3330373036986516,393,252.50000000000003
0.43944636678200694,0.32731286839689133,394,253.14285714285714
0.43994068215521503,0.32222448146199323,395,253.71428571428572
0.44043499752842313,0.3158639977933704,396,254.42857142857142
0.44092931290163123,0.3107756108584723,397,254.99999999999997
0.44142362827483933,0.30568722392357417,398,255.57142857142856
0.44191794364804743,0.2999627886218139,399,256.21428571428567
0.4424122590212556,0.29487440168691537,400,256.7857142857143
0.4429065743944637,0.2891499663851551,401,257.4285714285714
0.4434008897676718,0.284061579450257,402,257.99999999999994
0.4438952051408799,0.27897319251535846,403,258.57142857142856
0.444389520514088,0.27388480558046036,404,259.1428571428571
0.4448838358872961,0.26943246701242396,405,259.64285714285717
0.44537815126050423,0.26498012844438845,406,260.1428571428571
0.4458724666337123,0.26052778987635206,407,260.64285714285717
0.4463667820069204,0.25734754804204085,408,261.0
0.4468610973801285,0.2528952094740049,409,261.5
0.4473554127533366,0.2497149676396937,410,261.85714285714283
0.4478497281265447,0.24653472580538294,411,262.21428571428567
0.4483440434997528,0.24399053233793389,412,262.49999999999994
0.448838358872961,0.24208238723734699,413,262.71428571428567
0.4493326742461691,0.24081029050362224,414,262.85714285714283
0.44982698961937717,0.23953819376989793,415,262.99999999999994
0.45032130499258527,0.23953819376989793,416,262.99999999999994
0.45081562036579337,0.23953819376989793,417,262.99999999999994
0.45130993573900147,0.23953819376989793,418,262.99999999999994
0.45180425111220957,0.23890214540303534,419,263.07142857142856
0.4522985664854177,0.23763004866931103,420,263.21428571428567
0.4527928818586258,0.23635795193558629,421,263.35714285714283
0.4532871972318339,0.23508585520186154,422,263.5
0.453781512605042,0.23444980683499939,423,263.57142857142856
0.4542758279782501,0.23444980683499939,424,263.57142857142856
0.4547701433514582,0.23444980683499939,425,263.57142857142856
0.4552644587246663,0.23508585520186198,426,263.49999999999994
0.45575877409787446,0.23572190356872325,427,263.42857142857144
0.45625308947108256,0.23635795193558629,428,263.35714285714283
0.45674740484429066,0.23572190356872413,429,263.4285714285714
0.45724172021749876,0.23317771010127508,430,263.71428571428567
0.45773603559070686,0.22936141990010128,431,264.1428571428571
0.45823035096391496,0.22490908133206533,432,264.6428571428571
0.4587246663371231,0.21918464603030463,433,265.2857142857143
0.4592189817103312,0.21282416236168222,434,265.99999999999994
0.4597132970835393,0.20519158195933418,435,266.8571428571429
0.4602076124567474,0.19883109829071177,436,267.57142857142856
0.4607019278299555,0.19310666298895107,437,268.2142857142857
0.4611962432031636,0.18801827605405297,438,268.7857142857143
0.4616905585763717,0.1829298891191553,439,269.3571428571428
0.46218487394957986,0.17720545381739417,440,270.0
0.46267918932278795,0.17211706688249606,441,270.57142857142856
0.46317350469599605,0.16702867994759796,442,271.1428571428571
0.46366782006920415,0.16003214791211295,443,271.9285714285714
0.46416213544241225,0.1517635191429032,444,272.85714285714283
0.46465645081562035,0.1422227936399687,445,273.92857142857144
0.46515076618882845,0.13140997140331034,446,275.1428571428571
0.4656450815620366,0.12186924590037584,447,276.2142857142857
0.4661393969352447,0.11232852039744223,448,277.2857142857143
0.4666337123084528,0.10405989162823293,449,278.21428571428567
0.4671280276816609,0.09897150469333438,450,278.7857142857143
0.467622343054869,0.09706335959274748,451,279.0
0.4681166584280771,0.09833545632647178,452,278.8571428571429
0.46861097380128525,0.10342384326137033,453,278.2857142857143
0.46910528917449335,0.11169247203057919,454,277.3571428571429
0.46959960454770144,0.122505294267238,455,276.14285714285717
0.47009391992090954,0.1352262616044837,456,274.7142857142857
0.47058823529411764,0.1479472289417294,457,273.2857142857143
0.47108255066732574,0.16003214791211295,458,271.9285714285714
0.47157686604053384,0.1702089217819096,459,270.7857142857142
0.472071181413742,0.176569405450532,460,270.07142857142856
0.4725654967869501,0.17974964728484366,461,269.71428571428567
0.4730598121601582,0.17974964728484322,462,269.7142857142857
0.4735541275333663,0.17529730871680727,463,270.2142857142857
0.4740484429065744,0.16830077668132226,464,271.0
0.4745427582797825,0.1593960995452508,465,271.99999999999994
0.4750370736529906,0.1479472289417294,466,273.2857142857143
0.47553138902619874,0.1371344067050706,467,274.5
0.47602570439940683,0.12568553610154964,468,275.7857142857143
0.47652001977261493,0.11360061713116698,469,277.1428571428571
0.47701433514582303,0.10215174652764603,470,278.4285714285714
0.47750865051903113,0.09070287592412507,471,279.71428571428567
0.47800296589223923,0.07861795695374152,472,281.07142857142856
0.4784972812654474,0.06780513471708272,473,282.2857142857143
0.4789915966386555,0.05699231248042391,474,283.5
0.4794859120118636,0.04617949024376511,475,284.7142857142857
0.4799802273850717,0.035366668007106306,476,285.92857142857144
0.4804745427582798,0.02582594250417225,477,287.0
0.4809688581314879,0.016285217001238195,478,288.07142857142856
0.481463173504696,0.007380539865166291,479,289.07142857142856
0.4819574888779041,-0.0015241372709056122,480,290.07142857142856
0.4824518042511122,-0.010428814406977072,481,291.07142857142856
0.4829461196243203,-0.019333491543048975,482,292.07142857142856
0.4834404349975284,-0.027602120312258727,483,293.0
0.4839347503707365,-0.03650679744833063,484,294.0
0.4844290657439446,-0.046047522951264686,485,295.07142857142856
0.4849233811171527,-0.05558824845419874,486,296.1428571428571
0.4854176964903609,-0.0651289739571328,487,297.21428571428567
0.48591201186356897,-0.075305747826929,488,298.3571428571428
0.48640632723677707,-0.08611857006358781,489,299.5714285714285
0.48690064260998517,-0.09756744066710876,490,300.8571428571428
0.48739495798319327,-0.10965235963749231,491,302.21428571428567
0.48788927335640137,-0.12237332697473802,492,303.6428571428571
0.48838358872960946,-0.13573034267884543,493,305.1428571428571
0.4888779041028176,-0.1503594551166776,494,306.7857142857142
0.4893722194760257,-0.16562461592137234,495,308.49999999999994
0.4898665348492338,-0.18152582509292925,496,310.2857142857142
0.4903608502224419,-0.1974270342644866,497,312.07142857142856
0.49085516559565,-0.2139642918029061,498,313.92857142857144
0.4913494809688581,-0.2305015493413256,499,315.78571428571433
0.49184379634206626,-0.24767485524660682,500,317.7142857142857
0.49233811171527436,-0.2648481611518876,501,319.6428571428571
0.49283242708848246,-0.28202146705716924,502,321.57142857142856
0.49332674246169056,-0.29919477296245045,503,323.49999999999994
0.49382105783489866,-0.31764017560145685,504,325.57142857142856
0.49431537320810676,-0.33608557824046326,505,327.64285714285717
0.49480968858131485,-0.3538949325126066,506,329.6428571428571
0.495304003954523,-0.3704321900510257,507,331.49999999999994
0.4957983193277311,-0.3818810606545471,508,332.7857142857143
0.4962926347009392,-0.38442525412199613,509,333.07142857142856
0.4967869500741473,-0.3742484802521995,510,331.9285714285714
0.4972812654473554,-0.34944259394457067,511,329.1428571428571
0.4977755808205635,-0.3093715468322471,512,324.6428571428571
0.4982698961937716,-0.25403533891522967,513,318.42857142857144
0.49876421156697975,-0.18597816366096565,514,310.7857142857143
0.49925852694018785,-0.10838026290376801,515,302.07142857142856
0.49975284231339595,-0.02442187847794708,516,292.6428571428571
0.5002471576866041,0.06017255431473556,517,283.1428571428571
0.5007414730598122,0.1428588420068313,518,273.85714285714283
0.5012357884330203,0.21918464603030507,519,265.2857142857142
0.5017301038062284,0.2802452892490832,520,258.4285714285714
0.5022244191794365,0.3266768200300292,521,253.21428571428572
0.5027187345526446,0.35784319000628084,522,249.71428571428572
0.5032130499258527,0.372472302444113,523,248.07142857142856
0.5037073652990608,0.372472302444113,524,248.07142857142858
0.5042016806722689,0.35847923837314344,525,249.6428571428571
0.504695996045477,0.3343094004323768,526,252.35714285714283
0.5051903114186851,0.30823141739102367,527,255.28571428571425
0.5056846267918932,0.2815173859828075,528,258.2857142857143
0.5061789421651013,0.2548033545745918,529,261.2857142857143
0.5066732575383095,0.22936141990010128,530,264.1428571428571
0.5071675729115176,0.20455553359247247,531,266.9285714285714
0.5076618882847257,0.18165779238543012,532,269.5
0.5081562036579338,0.1600321479121125,533,271.92857142857144
0.5086505190311419,0.13967860017251965,534,274.2142857142857
0.50914483440435,0.12123319753351369,535,276.2857142857143
0.5096391497775581,0.10342384326137033,536,278.2857142857143
0.5101334651507662,0.08688658572295127,537,280.1428571428571
0.5106277805239743,0.07162142491825607,538,281.8571428571429
0.5111220958971824,0.057628360847286064,539,283.42857142857144
0.5116164112703905,0.0436352967763165,540,284.99999999999994
0.5121107266435986,0.030914329439070354,541,286.42857142857144
0.5126050420168067,0.018829410468687247,542,287.7857142857143
0.5130993573900148,0.006744491498304139,543,289.1428571428571
0.513593672763223,-0.005340427472079412,544,290.5
0.5140879881364311,-0.016789298075599923,545,291.7857142857143
0.5145823035096392,-0.028874217045983475,546,293.14285714285717
0.5150766188828473,-0.040323087649503986,547,294.4285714285714
0.5155709342560554,-0.05177195825302494,548,295.71428571428567
0.5160652496292635,-0.06385687722340849,549,297.07142857142856
0.5165595650024716,-0.07530574782692945,550,298.35714285714283
0.5170538803756797,-0.0867546184304504,551,299.6428571428571
0.5175481957488878,-0.09820348903397136,552,300.9285714285714
0.5180425111220959,-0.10901631127063016,553,302.1428571428571
0.518536826495304,-0.11919308514042681,554,303.2857142857143
0.5190311418685121,-0.12936985901022346,555,304.42857142857144
0.5195254572417202,-0.13763848777943233,556,305.35714285714283
0.5200197726149284,-0.14527106818177948,557,306.21428571428567
0.5205140879881365,-0.15226760021726493,558,307.0
0.5210084033613446,-0.15926413225274993,559,307.7857142857143
0.5215027187345527,-0.16626066428823538,560,308.5714285714286
0.5219970341077608,-0.17325719632371994,561,309.35714285714283
0.5224913494809689,-0.1808897767260671,562,310.21428571428567
0.522985664854177,-0.18915840549527685,563,311.1428571428571
0.5234799802273851,-0.19742703426448616,564,312.0714285714285
0.5239742956005932,-0.2069677597674211,565,313.14285714285717
0.5244686109738013,-0.2152363885366304,566,314.07142857142856
0.5249629263470094,-0.22350501730584016,567,315.0
0.5254572417202175,-0.2317736460750499,568,315.92857142857144
0.5259515570934256,-0.23877017811053491,569,316.7142857142857
0.5264458724666337,-0.24703880687974467,570,317.64285714285717
0.5269401878398419,-0.255307435648954,571,318.57142857142856
0.52743450321305,-0.2635760644181637,572,319.5
0.5279288185862581,-0.27311678992109734,573,320.57142857142856
0.5284231339594662,-0.283293563790894,574,321.7142857142857
0.5289174493326743,-0.29347033766068975,575,322.8571428571428
0.5294117647058824,-0.3055552566310733,576,324.21428571428567
0.5299060800790905,-0.31700412723459426,577,325.49999999999994
0.5304003954522986,-0.3290890462049778,578,326.85714285714283
0.5308947108255067,-0.34053791680849876,579,328.1428571428571
0.5313890261987148,-0.3526228357788823,580,329.5
0.5318833415719229,-0.364707754749265,581,330.8571428571428
0.532377656945131,-0.37679267371964853,582,332.21428571428567
0.532871972318339,-0.38824154432316993,583,333.5
0.5333662876915473,-0.40096251166041474,584,334.9285714285714
0.5338606030647554,-0.41368347899766045,585,336.35714285714283
0.5343549184379635,-0.425768397968044,586,337.7142857142857
0.5348492338111716,-0.4359451718378402,587,338.85714285714283
0.5353435491843797,-0.44103355877273875,588,339.42857142857144
0.5358378645575878,-0.4410335587727383,589,339.4285714285714
0.5363321799307958,-0.43467307510411546,590,338.71428571428567
0.536826495304004,-0.42068001103314545,591,337.1428571428571
0.537320810677212,-0.39969041492669044,592,334.7857142857143
0.5378151260504201,-0.3736124318853373,593,331.85714285714283
0.5383094414236282,-0.3430821102759478,594,328.4285714285714
0.5388037567968363,-0.3119157402996966,595,324.92857142857144
0.5392980721700444,-0.2813854186903071,596,321.5
0.5397923875432526,-0.2572155807495409,597,318.7857142857143
0.5402867029164607,-0.24067832321112137,598,316.9285714285714
0.5407810182896688,-0.23240969444191206,599,316.0
0.541275333662877,-0.23177364607504947,600,315.9285714285714
0.541769649036085,-0.23813412974367232,601,316.6428571428571
0.5422639644092931,-0.250855097080918,602,318.07142857142856
0.5427582797825012,-0.26866445135306094,603,320.0714285714285
0.5432525951557093,-0.2852017088914809,604,321.92857142857144
0.5437469105289174,-0.29855872459558874,605,323.42857142857144
0.5442412259021255,-0.30746340173166065,606,324.42857142857144
0.5447355412753336,-0.3119157402996966,607,324.92857142857144
0.5452298566485417,-0.3131878370334209,608,325.07142857142856
0.5457241720217498,-0.31127969193283356,609,324.8571428571428
0.5462184873949579,-0.30809945009852235,610,324.49999999999994
0.5467128027681661,-0.3055552566310733,611,324.21428571428567
0.5472071181413742,-0.30491920826421115,612,324.1428571428571
0.5477014335145823,-0.3074634017316602,613,324.4285714285714
0.5481957488877904,-0.3125517886665583,614,324.99999999999994
0.5486900642609985,-0.32018436906890546,615,325.8571428571428
0.5491843796342066,-0.3297250945718404,616,326.92857142857144
0.5496786950074147,-0.3405379168084992,617,328.14285714285717
0.5501730103806228,-0.35135073904515757,618,329.35714285714283
0.5506673257538309,-0.36216356128181637,619,330.57142857142856
0.551161641127039,-0.3723403351516126,620,331.71428571428567
0.5516559565002471,-0.38251710902140923,621,332.85714285714283
0.5521502718734552,-0.39205783452434373,622,333.92857142857144
0.5526445872466633,-0.40159856002727734,623,335.0
0.5531389026198715,-0.40986718879648665,624,335.9285714285714
0.5536332179930796,-0.41686372083197165,625,336.71428571428567
0.5541275333662877,-0.42131605940000805,626,337.2142857142857
0.5546218487394958,-0.4238602528674571,627,337.5
0.5551161641127039,-0.4238602528674571,628,337.5
0.555610479485912,-0.42195210776687064,629,337.28571428571433
0.5561047948591201,-0.4181358175656964,630,336.85714285714283
0.5565991102323282,-0.4143195273645226,631,336.4285714285714
0.5570934256055363,-0.41177533389707355,632,336.1428571428571
0.5575877409787444,-0.4111392855302114,633,336.07142857142856
0.5580820563519525,-0.41241138226393614,634,336.2142857142857
0.5585763717251606,-0.41622767246510994,635,336.64285714285717
0.5590706870983687,-0.42195210776686976,636,337.2857142857142
0.5595650024715768,-0.42958468816921735,637,338.1428571428571
0.560059317844785,-0.4378533169384271,638,339.07142857142856
0.5605536332179931,-0.4461219457076364,639,339.99999999999994
0.5610479485912012,-0.4543905744768466,640,340.92857142857144
0.5615422639644093,-0.46265920324605636,641,341.8571428571429
0.5620365793376174,-0.47092783201526567,642,342.7857142857143
0.5625308947108255,-0.479196460784475,643,343.71428571428567
0.5630252100840336,-0.4861929928199604,644,344.5
0.5635195254572417,-0.493189524855445,645,345.2857142857142
0.5640138408304498,-0.5001860568909304,646,346.07142857142856
0.5645081562036579,-0.5065465405595533,647,346.7857142857143
0.565002471576866,-0.5129070242281761,648,347.5
0.5654967869500741,-0.518631459529936,649,348.1428571428571
0.5659911023232822,-0.523719846464834,650,348.71428571428567
0.5664854176964904,-0.5294442817665943,651,349.3571428571428
0.5669797330696985,-0.5338966203346303,652,349.8571428571428
0.5674740484429066,-0.5370768621689419,653,350.21428571428567
0.5679683638161147,-0.5415292007369783,654,350.7142857142857
0.5684626791893228,-0.5447094425712895,655,351.07142857142856
0.5689569945625309,-0.5478896844056007,656,351.4285714285714
0.569451309935739,-0.5504338778730498,657,351.71428571428567
0.5699456253089471,-0.5523420229736367,658,351.9285714285714
0.5704399406821552,-0.5536141197073614,659,352.07142857142856
0.5709342560553633,-0.5548862164410862,660,352.2142857142857
0.5714285714285714,-0.5548862164410862,661,352.2142857142857
0.5719228868017795,-0.5548862164410857,662,352.21428571428567
0.5724172021749876,-0.5542501680742236,663,352.1428571428571
0.5729115175481958,-0.5548862164410862,664,352.2142857142857
0.5734058329214039,-0.5555222648079483,665,352.2857142857143
0.573900148294612,-0.556794361541673,666,352.42857142857144
0.5743944636678201,-0.5587025066422595,667,352.6428571428571
0.5748887790410282,-0.5612467001097086,668,352.9285714285714
0.5753830944142363,-0.5637908935771576,669,353.21428571428567
0.5758774097874444,-0.5669711354114693,670,353.57142857142856
0.5763717251606525,-0.5695153288789183,671,353.85714285714283
0.5768660405338606,-0.5733316190800917,672,354.2857142857142
0.5773603559070687,-0.5784200060149902,673,354.85714285714283
0.5778546712802768,-0.5835083929498888,674,355.42857142857144
0.5783489866534849,-0.589232828251649,675,356.07142857142856
0.578843302026693,-0.5955933119202719,676,356.7857142857143
0.5793376173999011,-0.6019537955888943,677,357.49999999999994
0.5798319327731093,-0.6083142792575176,678,358.2142857142857
0.5803262481463174,-0.6140387145592778,679,358.85714285714283
0.5808205635195255,-0.6191271014941759,680,359.4285714285714
0.5813148788927336,-0.6235794400622119,681,359.9285714285714
0.5818091942659417,-0.6267596818965231,682,360.2857142857142
0.5823035096391498,-0.6299399237308347,683,360.6428571428571
0.5827978250123579,-0.6324841171982829,684,360.92857142857133
0.583292140385566,-0.6350283106657333,685,361.2142857142857
0.5837864557587741,-0.6375725041331823,686,361.5
0.5842807711319822,-0.6407527459674931,687,361.85714285714283
0.5847750865051903,-0.645205084535529,688,362.35714285714283
0.5852694018783984,-0.649657423103565,689,362.85714285714283
0.5857637172516065,-0.6547458100384631,690,363.4285714285714
0.5862580326248147,-0.6604702453402238,691,364.07142857142856
0.5867523479980228,-0.6661946806419841,692,364.71428571428567
0.5872466633712309,-0.6719191159437448,693,365.35714285714283
0.587740978744439,-0.6770075028786429,694,365.9285714285714
0.5882352941176471,-0.6820958898135414,695,366.5
0.5887296094908552,-0.6878203251153021,696,367.14285714285717
0.5892239248640633,-0.6935447604170619,697,367.7857142857142
0.5897182402372714,-0.6999052440856848,698,368.49999999999994
0.5902125556104795,-0.7069017761211698,699,369.2857142857142
0.5907068709836876,-0.7145343565235169,700,370.14285714285705
0.5912011863568957,-0.7228029852927271,701,371.07142857142856
0.5916955017301038,-0.7310716140619369,702,372.0
0.5921898171033119,-0.7393402428311466,703,372.92857142857144
0.59268413247652,-0.7476088716003559,704,373.85714285714283
0.5931784478497282,-0.7558775003695657,705,374.7857142857143
0.5936727632229363,-0.7635100807719133,706,375.64285714285717
0.5941670785961444,-0.7711426611742604,707,376.5
0.5946613939693525,-0.7787752415766072,708,377.35714285714283
0.5951557093425606,-0.7870438703458169,709,378.2857142857143
0.5956500247157687,-0.7959485474818893,710,379.28571428571433
0.5961443400889768,-0.8042171762510986,711,380.2142857142857
0.5966386554621849,-0.8118497566534457,712,381.07142857142856
0.597132970835393,-0.817574191955206,713,381.71428571428567
0.5976272862086011,-0.8194823370557929,714,381.9285714285714
0.5981216015818092,-0.8169381435883434,715,381.64285714285705
0.5986159169550173,-0.8099416115528588,716,380.85714285714283
0.5991102323282254,-0.7984927409493379,717,379.57142857142856
0.5996045477014336,-0.7838636285115053,718,377.9285714285714
0.6000988630746417,-0.7666903226062236,719,375.99999999999994
0.6005931784478498,-0.7482449199672181,720,373.9285714285714
0.6010874938210579,-0.7310716140619364,721,371.99999999999994
0.601581809194266,-0.717714598357829,722,370.5
0.6020761245674741,-0.708173872854895,723,369.42857142857144
0.6025704399406822,-0.7030854859199964,724,368.85714285714283
0.6030647553138903,-0.7018133891862721,725,368.7142857142857
0.6035590706870984,-0.7049936310205838,726,369.0714285714286
0.6040533860603065,-0.7113541146892062,727,369.7857142857143
0.6045477014335146,-0.7202587918252781,728,370.7857142857143
0.6050420168067226,-0.7297995173282121,729,371.85714285714283
0.6055363321799307,-0.7387041944642836,730,372.8571428571428
0.606030647553139,-0.7469728232334938,731,373.7857142857143
0.606524962926347,-0.7546054036358409,732,374.6428571428571
0.6070192782995552,-0.7596937905707386,733,375.21428571428567
0.6075135936727633,-0.7654182258724997,734,375.85714285714283
0.6080079090459714,-0.7705066128073983,735,376.42857142857144
0.6085022244191794,-0.7749589513754334,736,376.9285714285714
0.6089965397923875,-0.7794112899434689,737,377.42857142857133
0.6094908551655956,-0.7838636285115053,738,377.9285714285714
0.6099851705388037,-0.7883159670795417,739,378.42857142857144
0.6104794859120118,-0.7927683056475772,740,378.9285714285714
0.6109738012852199,-0.796584595848751,741,379.35714285714283
0.611468116658428,-0.8004008860499248,742,379.7857142857143
0.6119624320316361,-0.8035811278842364,743,380.14285714285717
0.6124567474048442,-0.8067613697185476,744,380.5
0.6129510627780524,-0.8099416115528588,745,380.85714285714283
0.6134453781512605,-0.81312185338717,746,381.21428571428567
0.6139396935244686,-0.8169381435883443,747,381.64285714285717
0.6144340088976767,-0.8207544337895176,748,382.07142857142856
0.6149283242708848,-0.8252067723575536,749,382.57142857142856
0.6154226396440929,-0.8309312076593143,750,383.2142857142857
0.615916955017301,-0.8360195945942119,751,383.7857142857142
0.6164112703905091,-0.8417440298959726,752,384.4285714285714
0.6169055857637172,-0.8474684651977333,753,385.07142857142856
0.6173999011369253,-0.8525568521326314,754,385.6428571428571
0.6178942165101334,-0.8570091907006674,755,386.1428571428571
0.6183885318833415,-0.8601894325349786,756,386.49999999999994
0.6188828472565496,-0.8627336260024276,757,386.7857142857142
0.6193771626297578,-0.8659138678367393,758,387.1428571428571
0.6198714780029659,-0.8684580613041888,759,387.42857142857144
0.620365793376174,-0.8710022547716378,760,387.7142857142857
0.6208601087493821,-0.8748185449728112,761,388.1428571428571
0.6213544241225902,-0.8799069319077093,762,388.71428571428567
0.6218487394957983,-0.88563136720947,763,389.35714285714283
0.6223430548690064,-0.8919918508780929,764,390.07142857142856
0.6228373702422145,-0.8989883829135774,765,390.85714285714283
0.6233316856154226,-0.9053488665822003,766,391.57142857142856
0.6238260009886307,-0.9123453986176853,767,392.35714285714283
0.6243203163618388,-0.9187058822863081,768,393.07142857142856
0.6248146317350469,-0.9237942692212067,769,393.64285714285717
0.625308947108255,-0.9288826561561048,770,394.2142857142857
0.6258032624814631,-0.9333349947241403,771,394.71428571428567
0.6262975778546713,-0.9371512849253141,772,395.1428571428571
0.6267918932278794,-0.9422396718602126,773,395.7142857142857
0.6272862086010875,-0.946055962061386,774,396.1428571428571
0.6277805239742956,-0.9505083006294224,775,396.64285714285717
0.6282748393475037,-0.9562327359311826,776,397.2857142857143
0.6287691547207118,-0.9625932195998055,777,398.0
0.6292634700939199,-0.9683176549015657,778,398.6428571428571
0.629757785467128,-0.9746781385701886,779,399.35714285714283
0.6302521008403361,-0.9804025738719493,780,400.0
0.6307464162135442,-0.9867630575405721,781,400.7142857142857
0.6312407315867523,-0.9924874928423324,782,401.35714285714283
0.6317350469599604,-0.9975758797772296,783,401.92857142857133
0.6322293623331685,-1.0026642667121286,784,402.49999999999994
0.6327236777063767,-1.0083887020138893,785,403.1428571428571
0.6332179930795848,-1.0134770889487879,786,403.7142857142857
0.6337123084527929,-1.019201524250548,787,404.35714285714283
0.634206623826001,-1.0255620079191705,788,405.07142857142856
0.6347009391992091,-1.0319224915877934,789,405.7857142857143
0.6351952545724172,-1.0389190236232784,790,406.57142857142856
0.6356895699456253,-1.0452795072919012,791,407.2857142857143
0.6361838853188334,-1.051639990960524,792,408.0
0.6366782006920415,-1.058636522996009,793,408.7857142857143
0.6371725160652496,-1.0643609582977698,794,409.42857142857144
0.6376668314384577,-1.0688132968658057,795,409.92857142857144
0.6381611468116658,-1.0732656354338417,796,410.42857142857144
0.6386554621848739,-1.0777179740018776,797,410.92857142857144
0.6391497775580821,-1.0821703125699136,798,411.42857142857144
0.6396440929312902,-1.086622651137949,799,411.9285714285714
0.6401384083044983,-1.091074989705985,800,412.4285714285714
0.6406327236777064,-1.0967994250077457,801,413.07142857142856
0.6411270390509145,-1.1031599086763686,802,413.7857142857143
0.6416213544241226,-1.1095203923449914,803,414.5
0.6421156697973307,-1.1158808760136139,804,415.21428571428567
0.6426099851705388,-1.1228774080490989,805,415.99999999999994
0.6431043005437469,-1.1305099884514465,806,416.85714285714283
0.643598615916955,-1.137506520486932,807,417.64285714285717
0.6440929312901631,-1.144503052522417,808,418.42857142857144
0.6445872466633712,-1.1521356329247636,809,419.2857142857143
0.6450815620365793,-1.1604042616939734,810,420.2142857142857
0.6455758774097874,-1.1686728904631831,811,421.14285714285717
0.6460701927829956,-1.1769415192323924,812,422.07142857142856
0.6465645081562037,-1.1852101480016017,813,422.99999999999994
0.6470588235294118,-1.1941148251376736,814,423.99999999999994
0.6475531389026199,-1.203019502273746,815,425.0
0.648047454275828,-1.2125602277766796,816,426.0714285714285
0.6485417696490361,-1.222100953279614,817,427.1428571428571
0.6490360850222442,-1.2316416787825482,818,428.21428571428567
0.6495304003954523,-1.2424545010192074,819,429.42857142857144
0.6500247157686604,-1.2532673232558658,820,430.6428571428571
0.6505190311418685,-1.2647161938593867,821,431.9285714285714
0.6510133465150766,-1.277437161196632,822,433.35714285714283
0.6515076618882847,-1.2901581285338772,823,434.7857142857142
0.6520019772614928,-1.303515144237985,824,436.2857142857142
0.652496292634701,-1.3181442566758177,825,437.9285714285714
0.6529906080079091,-1.3334094174805124,826,439.6428571428571
0.6534849233811172,-1.349946675018932,827,441.5
0.6539792387543253,-1.3677560292910758,828,443.5
0.6544735541275334,-1.3855653835632191,829,445.49999999999994
0.6549678695007415,-1.4046468345690872,830,447.6428571428571
0.6554621848739496,-1.4256364306755427,831,449.99999999999994
0.6559565002471577,-1.4472620751488603,832,452.4285714285714
0.6564508156203658,-1.468887719622177,833,454.85714285714283
0.6569451309935739,-1.4911494124623572,834,457.35714285714283
0.657439446366782,-1.5140471536693991,835,459.9285714285714
0.6579337617399901,-1.5382169916101653,836,462.6428571428571
0.6584280771131982,-1.5630228779177942,837,465.4285714285714
0.6589223924864063,-1.587828764225423,838,468.21428571428567
0.6594167078596145,-1.613906747266776,839,471.1428571428571
0.6599110232328226,-1.63998473030813,840,474.07142857142856
0.6604053386060307,-1.6660627133494832,841,476.99999999999994
0.6608996539792388,-1.6915046480239746,842,479.85714285714283
0.6613939693524469,-1.7156744859647408,843,482.57142857142856
0.661888284725655,-1.7379361788049201,844,485.07142857142856
0.6623826000988631,-1.7551094847102022,845,487.0
0.6628769154720712,-1.7614699683788246,846,487.71428571428567
0.6633712308452793,-1.7532013396096144,847,486.7857142857142
0.6638655462184874,-1.7271233565682613,848,483.85714285714283
0.6643598615916955,-1.68196392252104,849,478.7857142857142
0.6648541769649036,-1.615814892367363,850,471.3571428571428
0.6653484923381117,-1.5286762661072317,851,461.57142857142856
0.6658428077113199,-1.4262724790424053,852,450.07142857142856
0.666337123084528,-1.3111477246403331,853,437.14285714285717
0.6668314384577361,-1.1928427284039493,854,423.85714285714283
0.6673257538309442,-1.0732656354338417,855,410.42857142857144
0.6678200692041523,-0.9549606391974579,856,397.1428571428571
0.6683143845773604,-0.8487405619314576,857,385.21428571428567
0.6688086999505685,-0.7647821775056367,858,375.7857142857142
0.6693030153237766,-0.7005412924525474,859,368.57142857142856
0.6697973306969847,-0.6604702453402238,860,364.07142857142856
0.6702916460701928,-0.6401166976006314,861,361.7857142857143
0.6707859614434009,-0.6401166976006314,862,361.7857142857143
0.671280276816609,-0.6598341969733617,863,364.0
0.671774592189817,-0.6910005669496133,864,367.5
0.6722689075630253,-0.7234390336595893,865,371.1428571428571
0.6727632229362334,-0.7571495971032891,866,374.92857142857133
0.6732575383094415,-0.7902241121801281,867,378.6428571428571
0.6737518536826496,-0.8220265305232419,868,382.21428571428567
0.6742461690558577,-0.8538289488663557,869,385.7857142857142
0.6747404844290658,-0.8837232221088831,870,389.1428571428571
0.6752347998022739,-0.9123453986176853,871,392.35714285714283
0.675729115175482,-0.9396954783927631,872,395.4285714285714
0.67622343054869,-0.9651374130672545,873,398.2857142857143
0.6767177459218982,-0.9893072510080207,874,400.99999999999994
0.6772120612951062,-1.012204992215063,875,403.57142857142856
0.6777063766683143,-1.0338306366883803,876,406.0
0.6782006920415224,-1.0548202327948353,877,408.35714285714283
0.6786950074147305,-1.0739016838007034,878,410.49999999999994
0.6791893227879388,-1.0917110380728476,879,412.5
0.6796836381611469,-1.1088843439781293,880,414.42857142857144
0.680177953534355,-1.1247855531496858,881,416.21428571428567
0.680672268907563,-1.1394146655875184,882,417.85714285714283
0.6811665842807711,-1.1521356329247636,883,419.2857142857143
0.6816608996539792,-1.1635845035282846,884,420.57142857142856
0.6821552150271873,-1.1743973257649434,885,421.7857142857143
0.6826495304003954,-1.1845740996347396,886,422.9285714285714
0.6831438457736035,-1.1941148251376736,887,423.99999999999994
0.6836381611468116,-1.203019502273746,888,425.0
0.6841324765200197,-1.2119241794098174,889,425.99999999999994
0.6846267918932278,-1.2208288565458898,890,427.0
0.6851211072664359,-1.2303695820488239,891,428.07142857142856
0.6856154226396441,-1.2399103075517584,892,429.14285714285717
0.6861097380128522,-1.2488149846878298,893,430.1428571428571
0.6866040533860603,-1.2583557101907639,894,431.21428571428567
0.6870983687592684,-1.2672603873268353,895,432.21428571428567
0.6875926841324765,-1.275529016096046,896,433.14285714285717
0.6880869995056846,-1.2831615964983927,897,434.0
0.6885813148788927,-1.289522080167015,898,434.71428571428567
0.6890756302521008,-1.2952465154687758,899,435.35714285714283
0.6895699456253089,-1.3009709507705365,900,436.0
0.690064260998517,-1.3047872409717103,901,436.42857142857144
0.6905585763717251,-1.3092395795397462,902,436.92857142857144
0.6910528917449332,-1.314327966474644,903,437.49999999999994
0.6915472071181413,-1.3187803050426803,904,438.0
0.6920415224913494,-1.3238686919775784,905,438.57142857142856
0.6925358378645576,-1.329593127279339,906,439.2142857142857
0.6930301532377657,-1.3346815142142368,907,439.7857142857142
0.6935244686109738,-1.3410419978828596,908,440.49999999999994
0.6940187839841819,-1.3467664331846203,909,441.1428571428571
0.69451309935739,-1.3512187717526563,910,441.6428571428571
0.6950074147305981,-1.3556711103206922,911,442.1428571428571
0.6955017301038062,-1.3588513521550034,912,442.49999999999994
0.6959960454770143,-1.3607594972555903,913,442.71428571428567
0.6964903608502224,-1.3626676423561772,914,442.9285714285714
0.6969846762234305,-1.363939739089902,915,443.07142857142856
0.6974789915966386,-1.3652118358236267,916,443.2142857142857
0.6979733069698467,-1.3671199809242136,917,443.42857142857144
0.6984676223430548,-1.3690281260248005,918,443.64285714285717
0.698961937716263,-1.3722083678591117,919,444.0
0.6994562530894711,-1.3766607064271472,920,444.49999999999994
0.6999505684626792,-1.3817490933620458,921,445.07142857142856
0.7004448838358873,-1.387473528663806,922,445.71428571428567
0.7009391992090954,-1.3938340123324293,923,446.42857142857144
0.7014335145823035,-1.4008305443679143,924,447.2142857142857
0.7019278299555116,-1.409099173137124,925,448.14285714285717
0.7024221453287197,-1.417367801906333,926,449.07142857142856
0.7029164607019278,-1.4256364306755427,927,450.0
0.7034107760751359,-1.4345411078116146,928,450.99999999999994
0.703905091448344,-1.4434457849476865,929,451.99999999999994
0.7043994068215521,-1.452986510450621,930,453.07142857142856
0.7048937221947602,-1.4631632843204172,931,454.2142857142857
0.7053880375679684,-1.473976106557076,932,455.42857142857144
0.7058823529411765,-1.4854249771605965,933,456.7142857142857
0.7063766683143846,-1.498781992864704,934,458.21428571428567
0.7068709836875927,-1.5140471536693991,935,459.92857142857144
0.7073652990608008,-1.531856507941543,936,461.9285714285714
0.7078596144340089,-1.550937958947411,937,464.0714285714285
0.708353929807217,-1.5712915066870043,938,466.35714285714283
0.7088482451804251,-1.5935531995271828,939,468.8571428571428
0.7093425605536332,-1.6170869891010882,940,471.5
0.7098368759268413,-1.6406207786749918,941,474.14285714285705
0.7103311913000494,-1.6635185198820337,942,476.71428571428567
0.7108255066732575,-1.678783680686729,943,478.4285714285714
0.7113198220464656,-1.6851441643553513,944,479.14285714285705
0.7118141374196737,-1.6800557774204532,945,478.57142857142856
0.7123084527928819,-1.6622464231483085,946,476.57142857142844
0.71280276816609,-1.6317161015389199,947,473.1428571428571
0.7132970835392981,-1.589736909326009,948,468.42857142857133
0.7137913989125062,-1.536944894876441,949,462.49999999999994
0.7142857142857143,-1.4797005418588358,950,456.07142857142856
0.7147800296589224,-1.419911995373782,951,449.35714285714283
0.7152743450321305,-1.3613955456224525,952,442.7857142857142
0.7157686604053386,-1.312419821374057,953,437.2857142857142
0.7162629757785467,-1.2761650644629072,954,433.21428571428567
0.7167572911517548,-1.2513591781552789,955,430.4285714285714
0.7172516065249629,-1.2386382108180336,956,429.0
0.717745921898171,-1.2386382108180332,957,428.99999999999994
0.7182402372713791,-1.2513591781552793,958,430.42857142857144
0.7187345526445873,-1.2748929677291834,959,433.07142857142856
0.7192288680177954,-1.3022430475042612,960,436.14285714285717
0.7197231833910035,-1.3295931272793386,961,439.21428571428567
0.7202174987642116,-1.357579255421279,962,442.35714285714283
0.7207118141374197,-1.3855653835632196,963,445.5
0.7212061295106278,-1.4122794149714348,964,448.5
0.7217004448838359,-1.4383573980127884,965,451.42857142857144
0.722194760257044,-1.4637993326872798,966,454.2857142857143
0.7226890756302521,-1.487969170628046,967,457.0
0.7231833910034602,-1.5115029602019505,968,459.64285714285717
0.7236777063766683,-1.5337646530421298,969,462.14285714285717
0.7241720217498764,-1.5541182007817231,970,464.42857142857144
0.7246663371230845,-1.5693833615864174,971,466.14285714285717
0.7251606524962926,-1.577015941988765,972,467.0
0.7256549678695008,-1.5776519903556268,973,467.07142857142856
0.7261492832427089,-1.5712915066870043,974,466.35714285714283
0.726643598615917,-1.5598426360834838,975,465.0714285714286
0.7271379139891251,-1.54203328181134,976,463.0714285714286
0.7276322293623332,-1.5191355406042972,977,460.5
0.7281265447355413,-1.4956017510303927,978,457.85714285714283
0.7286208601087494,-1.477792396758249,979,455.85714285714283
0.7291151754819575,-1.4663435261547275,980,454.5714285714285
0.7296094908551656,-1.4606190908529677,981,453.9285714285714
0.7301038062283737,-1.459983042486105,982,453.8571428571428
0.7305981216015818,-1.465707477787865,983,454.4999999999999
0.7310924369747899,-1.475884251657662,984,455.64285714285705
0.731586752347998,-1.4892412673617703,985,457.1428571428571
0.7320810677212062,-1.5000540895984291,986,458.35714285714283
0.7325753830944143,-1.5070506216339141,987,459.1428571428571
0.7330696984676224,-1.510866911835088,988,459.57142857142856
0.7335640138408305,-1.510866911835087,989,459.5714285714285
0.7340583292140386,-1.5076866700007758,990,459.21428571428567
0.7345526445872467,-1.503870379799602,991,458.78571428571416
0.7350469599604548,-1.5000540895984291,992,458.35714285714283
0.7355412753336629,-1.4975098961309796,993,458.07142857142856
0.736035590706871,-1.496873847764117,994,457.99999999999994
0.7365299060800791,-1.4975098961309796,995,458.0714285714285
0.7370242214532872,-1.4994180412315665,996,458.2857142857142
0.7375185368264953,-1.5025982830658777,997,458.6428571428571
0.7380128521997034,-1.505778524900189,998,458.99999999999994
0.7385071675729116,-1.5083227183676384,999,459.2857142857142
0.7390014829461197,-1.5102308634682262,1000,459.50000000000006
0.7394957983193278,-1.5115029602019505,1001,459.64285714285717
0.7399901136925359,-1.5134111053025374,1002,459.8571428571429
0.740484429065744,-1.515955298769986,1003,460.1428571428571
0.7409787444389521,-1.5184994922374346,1004,460.4285714285714
0.7414730598121602,-1.5210436857048841,1005,460.71428571428567
0.7419673751853683,-1.5242239275391953,1006,461.07142857142856
0.7424616905585764,-1.5280402177403691,1007,461.5
0.7429560059317845,-1.531856507941542,1008,461.92857142857133
0.7434503213049926,-1.5350367497758541,1009,462.2857142857142
0.7439446366782007,-1.5375809432433027,1010,462.57142857142844
0.7444389520514088,-1.5394890883438896,1011,462.7857142857142
0.7449332674246169,-1.540761185077614,1012,462.92857142857133
0.7454275827978251,-1.5413972334444765,1013,462.9999999999999
